,City,Cloudiness,Country,Date,Humidity,Lat,Lng,Max Temp,Wind Speed
0,Kodiak,1,US,1575590709,57,39.95,-94.76,10.0,2.1
1,Freetown,40,BS,1575590745,72,26.61,-78.36,19.0,1.5
2,Nanortalik,100,GL,1575590687,59,60.14,-45.24,-1.08,3.83
3,Cabo San Lucas,20,MX,1575590745,73,22.89,-109.91,26.0,2.6
4,Torbay,90,CA,1575590720,94,47.66,-52.73,2.22,6.7
5,Carutapera,45,BR,1575590674,77,-1.2,-46.02,27.68,8.17
6,Ampanihy,93,MG,1575590746,75,-24.69,44.75,19.18,5.89
7,Puerto Ayora,75,EC,1575590746,61,-0.74,-90.35,26.0,8.7
8,Rikitea,68,PF,1575590746,78,-23.12,-134.97,25.78,4.31
9,Vanimo,100,PG,1575590746,81,-2.67,141.3,26.98,5.2
10,Bredasdorp,0,ZA,1575590746,87,-34.53,20.04,14.0,1.31
11,Punta Arenas,75,CL,1575590398,53,-53.16,-70.91,11.0,11.3
12,Ushuaia,75,AR,1575590688,75,-54.81,-68.31,7.0,16.5
13,Awbari,97,LY,1575590688,23,26.59,12.77,17.7,3.34
14,Busselton,67,AU,1575590688,18,-33.64,115.35,31.11,5.3
15,Lavrentiya,100,RU,1575590688,84,65.58,-170.99,-10.96,8.06
16,Atuona,18,PF,1575590540,72,-9.8,-139.03,26.96,7.09
17,Carnarvon,88,ZA,1575590689,75,-30.97,22.13,16.17,4.91
18,Jalu,0,LY,1575590689,43,29.03,21.55,14.45,2.62
19,Hegra,75,NO,1575590689,86,63.46,11.11,2.0,9.3
20,Yellowknife,20,CA,1575590426,75,62.45,-114.38,-26.67,2.6
21,Saskylakh,22,RU,1575590689,99,71.97,114.09,-37.09,1.01
22,Nikolskoye,75,RU,1575590674,75,59.7,30.79,6.11,9.0
23,Hamilton,90,CA,1575590689,74,43.26,-79.87,1.11,3.6
24,Port Blair,40,IN,1575590689,69,11.67,92.75,26.65,9.33
25,Muravlenko,96,RU,1575590689,95,63.79,74.5,-15.14,6.8
26,Vaini,11,IN,1575590689,89,15.34,74.49,18.34,4.07
27,Coquimbo,20,CL,1575590689,72,-29.95,-71.34,16.0,4.6
28,Udachnyy,24,RU,1575590690,65,66.42,112.4,-39.0,1.0
29,Ayagoz,100,KZ,1575590690,67,47.96,80.43,-1.35,5.8
30,Jamestown,0,AU,1575590690,26,-33.21,138.6,21.79,3.73
31,Pundaguitan,87,PH,1575590690,79,6.37,126.17,27.59,2.91
32,Chuy,31,UY,1575590690,75,-33.69,-53.46,14.67,2.96
33,Bathsheba,40,BB,1575590675,69,13.22,-59.52,28.0,7.7
34,Adolfo Lopez Mateos,98,MX,1575590690,56,26.8,-109.39,25.0,2.24
35,Sitka,54,US,1575590690,62,37.17,-99.65,9.44,4.28
36,Talcahuano,0,CL,1575590690,59,-36.72,-73.12,18.0,8.7
37,Cooma,83,AU,1575590691,10,-36.24,149.13,21.0,8.2
38,Mataura,100,NZ,1575590691,48,-46.19,168.86,18.74,6.3
39,Cap Malheureux,20,MU,1575590691,94,-19.98,57.61,24.44,2.1
40,Hilo,90,US,1575590681,73,19.71,-155.08,24.0,2.29
41,Lebu,81,ET,1575590691,89,8.96,38.73,11.31,0.35
42,Antalaha,63,MG,1575590691,79,-14.9,50.28,25.59,7.04
43,Merauke,100,ID,1575590691,60,-8.49,140.4,31.1,2.57
44,Tabou,95,CI,1575590691,93,4.42,-7.36,24.56,1.95
45,Ribeira Grande,96,PT,1575590691,78,38.52,-28.7,14.4,1.51
46,Chokurdakh,75,RU,1575590691,90,70.62,147.9,-24.84,6.4
47,Cape Town,0,ZA,1575590671,43,-33.93,18.42,22.0,3.6
48,Bluff,0,AU,1575590692,38,-23.58,149.07,32.35,3.42
49,Pevek,0,RU,1575590692,86,69.7,170.27,-19.22,0.72
50,Lata,0,IN,1575590692,6,30.78,78.62,-5.9,3.42
51,Grand Gaube,20,MU,1575590692,94,-20.01,57.66,24.44,2.1
52,Salalah,75,OM,1575590692,57,17.01,54.1,26.0,9.8
53,Mahebourg,20,MU,1575590692,94,-20.41,57.7,24.44,2.1
54,Vestmannaeyjar,100,IS,1575590692,67,63.44,-20.27,0.66,8.27
55,Mnogovershinnyy,82,RU,1575590692,92,53.94,139.92,-19.88,4.79
56,Creston,90,CA,1575590693,96,49.1,-116.52,2.22,0.76
57,Davidson,8,CA,1575590693,90,51.26,-105.98,-6.11,1.79
58,Hermanus,0,ZA,1575590693,52,-34.42,19.24,20.0,0.89
59,Albany,90,US,1575590693,68,42.65,-73.75,0.56,3.6
60,Upata,66,VE,1575590693,97,8.02,-62.41,22.08,1.75
61,New Norfolk,75,AU,1575590684,50,-42.78,147.06,13.89,12.3
62,Mar del Plata,50,AR,1575590693,31,-46.43,-67.52,20.21,7.28
63,Port Lincoln,4,AU,1575590693,58,-34.72,135.86,16.92,4.21
64,Georgetown,20,GY,1575590518,88,6.8,-58.16,26.0,2.1
65,Lugo,52,ES,1575590693,1,43.01,-7.56,6.11,0.51
66,Butaritari,100,KI,1575590693,86,3.07,172.79,25.6,3.62
67,Koumac,90,NC,1575590693,56,-20.56,164.28,27.31,0.53
68,Praia da Vitoria,20,PT,1575590694,82,38.73,-27.07,13.33,1.34
69,Timmins,90,CA,1575590419,78,48.48,-81.33,-8.0,3.6
70,Prince Rupert,20,CA,1575590694,100,54.32,-130.32,2.0,2.6
71,Pangkalanbuun,100,ID,1575590407,89,-2.68,111.62,25.75,0.79
72,Longyearbyen,75,NO,1575590694,68,78.22,15.63,-2.0,13.4
73,Sola,64,TZ,1575590694,82,-3.17,33.8,18.73,0.59
74,Rawson,32,AR,1575590694,68,-43.3,-65.11,14.46,0.06
75,Kapaa,40,US,1575590666,58,22.08,-159.32,28.0,3.6
76,Cherskiy,30,RU,1575590694,65,68.75,161.3,-16.88,4.31
77,Port Elizabeth,1,US,1575590694,59,39.31,-74.98,7.0,2.1
78,Yanagawa,75,JP,1575590695,70,33.16,130.41,7.0,1.0
79,Den Helder,75,NL,1575590478,93,52.96,4.76,9.0,12.9
80,Talnakh,75,RU,1575590695,92,69.49,88.39,-11.0,14.0
81,Ulaangom,74,MN,1575590665,93,49.98,92.07,-18.88,1.42
82,Russell,75,US,1575590695,53,38.9,-98.86,11.0,2.6
83,Peraiyur,75,IN,1575590695,88,9.74,77.79,24.0,4.6
84,Castro,100,CL,1575590673,62,-42.48,-73.76,15.0,6.7
85,Qaanaaq,90,GL,1575590539,67,77.48,-69.36,-18.67,3.31
86,Nieuw Amsterdam,75,SR,1575590695,88,5.88,-55.08,26.0,5.1
87,Katherine,8,AU,1575590695,31,-14.47,132.26,33.0,4.1
88,Vilhena,100,BR,1575590696,88,-12.74,-60.15,24.0,2.6
89,Avarua,0,CK,1575590694,69,-21.21,-159.78,28.0,7.2
90,Luxor,0,EG,1575590696,58,25.7,32.65,14.0,3.23
91,Vostok,62,RU,1575590696,93,46.45,135.83,-24.04,2.52
92,Marovoay,20,MG,1575590696,78,-16.11,46.64,28.0,1.5
93,Petropavlovsk-Kamchatskiy,96,RU,1575590696,85,53.05,158.65,-12.0,2.0
94,Ostrovnoy,100,RU,1575590696,94,68.05,39.51,-7.13,3.97
95,Araouane,84,ML,1575590696,24,18.9,-3.53,21.3,2.33
96,Port Hedland,7,AU,1575590696,70,-20.31,118.58,31.0,5.7
97,Hobart,75,AU,1575590482,50,-42.88,147.33,13.89,12.3
98,Chumikan,55,RU,1575590696,76,54.72,135.31,-18.59,7.73
99,Yarkovo,90,RU,1575590696,95,54.81,82.6,0.0,7.0
100,La Chapelle-sur-Erdre,90,FR,1575590697,100,47.3,-1.55,3.0,1.0
101,Acari,40,BR,1575590697,65,-6.44,-36.64,22.41,10.34
102,Willowmore,0,ZA,1575590697,56,-33.3,23.49,16.23,2.99
103,Barrow,68,AR,1575590697,43,-38.31,-60.23,16.09,2.34
104,Bratsk,75,RU,1575590697,85,56.15,101.63,-10.0,4.0
105,San Cristobal,51,HN,1575590697,82,14.68,-86.92,19.37,2.08
106,Portland,90,US,1575590649,69,43.66,-70.25,3.0,5.1
107,Narsaq,70,GL,1575590697,40,60.91,-46.05,-8.0,2.57
108,Brae,100,GB,1575590697,81,60.4,-1.35,6.0,4.6
109,Saiha,44,IN,1575590697,58,22.49,92.98,10.02,1.95
110,Severiano Melo,68,BR,1575590697,70,-5.78,-37.96,22.84,3.71
111,Masallatah,0,LY,1575590698,70,32.62,14.0,12.75,0.3
112,Mount Gambier,90,AU,1575590658,82,-37.83,140.78,13.0,6.2
113,Bilma,0,NE,1575590698,20,18.69,12.92,19.96,2.98
114,Saint-Leu,20,RE,1575590698,83,-21.15,55.28,24.0,2.1
115,Dubbo,14,AU,1575590698,21,-32.25,148.6,29.0,5.7
116,Hithadhoo,100,MV,1575590617,80,-0.6,73.08,27.66,2.68
117,Isangel,75,VU,1575590698,94,-19.55,169.27,27.0,2.6
118,Mahesana,40,IN,1575590698,46,23.6,72.39,21.0,3.1
119,Port Alfred,0,ZA,1575590699,86,-33.59,26.89,16.11,0.89
120,Kimbe,43,PG,1575590699,47,-5.56,150.15,32.81,0.49
121,Totness,1,US,1575590699,42,33.74,-80.8,12.0,0.9
122,Labuhan,97,ID,1575590699,79,-2.54,115.51,26.8,0.79
123,Aswan,33,EG,1575590699,38,24.09,32.9,16.0,4.1
124,Geraldton,90,CA,1575590699,92,49.72,-86.95,-9.0,2.1
125,Kidal,16,ML,1575590699,14,18.44,1.41,21.75,4.54
126,Saint-Philippe,90,CA,1575590696,73,45.36,-73.48,-3.33,7.7
127,Dunedin,100,NZ,1575590573,62,-45.87,170.5,16.75,5.26
128,Airai,5,TL,1575590700,41,-8.93,125.41,27.2,1.48
129,Dikson,100,RU,1575590675,94,73.51,80.55,-19.14,6.9
130,Verkhnevilyuysk,38,RU,1575590700,94,63.45,120.31,-39.69,3.17
131,Bulawayo,38,ZW,1575590700,78,-20.16,28.59,17.04,6.46
132,Margate,75,AU,1575590700,50,-43.03,147.26,13.89,12.3
133,Nabire,99,ID,1575590700,66,-3.36,135.5,29.5,0.43
134,Bereda,75,ES,1575590700,100,43.27,-7.54,12.22,0.5
135,Rio Grande,16,BR,1575590700,75,-32.03,-52.1,18.05,6.83
136,Souillac,90,FR,1575590700,100,45.6,-0.6,3.0,1.0
137,Bhaderwah,0,IN,1575590700,33,32.98,75.72,1.56,3.04
138,Fortuna,90,US,1575590701,59,40.6,-124.16,17.0,5.7
139,Mount Isa,65,AU,1575590701,7,-20.73,139.49,36.0,5.7
140,Haines Junction,96,CA,1575590701,97,60.75,-137.51,-17.27,1.98
141,Provideniya,75,RU,1575590701,73,64.42,-173.23,-7.0,9.0
142,Batemans Bay,100,AU,1575590701,23,-35.71,150.18,25.0,2.31
143,Smila,0,UA,1575590701,81,49.23,31.88,-1.82,4.08
144,Necochea,28,AR,1575590701,6,-38.55,-58.74,16.67,2.68
145,Srednekolymsk,96,RU,1575590696,87,67.46,153.71,-20.47,6.68
146,Mutare,100,MZ,1575590701,89,-18.97,32.67,17.31,1.65
147,East London,44,ZA,1575590701,77,-33.02,27.91,19.02,8.48
148,Upernavik,0,GL,1575590702,67,72.79,-56.15,-13.94,6.73
149,Kaitangata,100,NZ,1575590702,77,-46.28,169.85,13.89,5.53
150,Constitucion,40,MX,1575590702,10,23.99,-104.67,26.0,1.0
151,Vila Franca do Campo,20,PT,1575590702,76,37.72,-25.43,14.0,2.6
152,Klaksvik,100,FO,1575590702,64,62.23,-6.59,4.0,5.1
153,Bay Roberts,90,CA,1575590702,92,47.58,-53.28,2.22,6.7
154,Saint-Joseph,90,FR,1575590673,87,43.56,6.97,11.0,1.5
155,Malangali,100,TZ,1575590702,81,-8.57,34.85,16.93,5.7
156,Barth,40,DE,1575590702,86,54.37,12.73,1.0,4.6
157,Tura,100,RU,1575590702,96,64.27,100.22,-20.69,1.68
158,Hasaki,75,JP,1575590681,86,35.73,140.83,6.0,6.2
159,Bom Jesus do Galho,75,BR,1575590703,83,-19.83,-42.32,27.0,4.1
160,Pushkino,90,RU,1575590703,93,56.01,37.85,2.78,8.0
161,Arzgir,21,RU,1575590703,70,45.37,44.21,-0.42,4.93
162,Taoudenni,18,ML,1575590703,26,22.68,-3.98,17.02,2.26
163,Thompson,40,CA,1575590703,83,55.74,-97.86,-24.0,2.6
164,Henties Bay,68,NA,1575590703,90,-22.12,14.28,18.33,1.34
165,Khatanga,0,RU,1575590703,86,71.98,102.47,-30.86,5.98
166,Bethel,90,US,1575590452,92,60.79,-161.76,-9.0,5.1
167,Vazante,100,BR,1575590703,93,-17.99,-46.9,21.73,1.06
168,Sorland,100,NO,1575590539,66,67.67,12.69,4.68,12.34
169,Shimoda,75,JP,1575590704,66,34.7,138.93,11.0,4.1
170,Deep River,90,CA,1575590704,68,46.1,-77.49,-4.0,3.6
171,Kahului,40,US,1575590704,51,20.89,-156.47,29.0,10.3
172,Ponta do Sol,100,BR,1575590695,97,-20.63,-46.0,19.92,0.29
173,Tasiilaq,0,GL,1575590695,58,65.61,-37.64,-4.0,2.1
174,Ballina,100,IE,1575590704,95,54.11,-9.15,11.11,3.58
175,Saint George,75,GR,1575590697,87,39.45,22.34,8.0,0.7
176,Asuncion,17,PY,1575590704,44,-25.3,-57.63,25.0,4.6
177,New London,90,US,1575590704,74,41.36,-72.1,4.0,3.1
178,Vila Velha,97,BR,1575590704,74,-3.71,-38.6,27.22,3.1
179,Tiksi,100,RU,1575590704,100,71.64,128.87,-25.33,1.52
180,Hammerfest,75,NO,1575590705,81,70.66,23.68,0.0,4.1
181,Ambunti,97,PG,1575590705,76,-4.22,142.82,28.17,1.62
182,Tawang,31,BT,1575590705,33,27.59,91.87,-4.27,1.75
183,Barra dos Coqueiros,20,BR,1575590705,74,-10.91,-37.04,27.0,5.7
184,Kavaratti,7,IN,1575590684,73,10.57,72.64,28.1,5.15
185,Sassandra,93,CI,1575590705,89,4.95,-6.09,25.85,3.78
186,Buchanan,20,LR,1575590705,94,5.88,-10.05,26.0,1.81
187,Ryotsu,75,JP,1575590705,80,38.08,138.43,4.0,1.5
188,Pisco,48,PE,1575590540,30,-13.71,-76.2,22.0,9.3
189,Lagoa,24,PT,1575590705,62,37.14,-8.45,14.0,3.1
190,Makakilo City,75,US,1575590683,69,21.35,-158.09,28.0,4.1
191,Longkou,11,CN,1575590706,73,37.64,120.47,-4.86,1.7
192,Aklavik,90,CA,1575590706,71,68.22,-135.01,-16.0,5.1
193,Ligayan,89,PH,1575590706,77,4.65,119.47,28.11,2.84
194,Luleburgaz,40,TR,1575590671,93,41.4,27.36,4.0,3.6
195,Mengcheng,0,CN,1575590706,72,33.26,116.57,0.83,3.99
196,Bogorodskoye,96,RU,1575590706,98,52.37,140.44,-24.62,1.98
197,Datong,20,CN,1575590706,79,40.09,113.3,-10.32,1.25
198,Vangaindrano,80,MG,1575590707,93,-23.35,47.6,20.54,2.24
199,Lorengau,38,PG,1575590707,73,-2.02,147.27,29.06,2.67
200,Kavieng,84,PG,1575590671,68,-2.57,150.8,28.91,0.72
201,Norman Wells,20,CA,1575590707,73,65.28,-126.83,-34.0,1.5
202,Goundam,10,ML,1575590707,16,16.42,-3.66,23.75,3.63
203,Kaniama,96,CD,1575590707,98,-7.57,24.18,17.71,1.45
204,Cidreira,6,BR,1575590707,69,-30.17,-50.22,20.04,5.67
205,Naze,21,NG,1575590672,89,5.43,7.07,24.43,1.59
206,Qaqortoq,93,GL,1575590707,40,60.72,-46.03,-8.0,3.19
207,Churapcha,100,RU,1575590707,97,62.0,132.43,-38.76,2.44
208,Merritt Island,1,US,1575590592,82,28.54,-80.67,18.0,2.6
209,Buraydah,40,SA,1575590708,63,26.33,43.97,17.0,3.1
210,Nerchinskiy Zavod,99,RU,1575590708,96,51.31,119.61,-25.46,0.86
211,Ponta Delgada,20,PT,1575590672,76,37.73,-25.67,14.0,2.6
212,Saint-Pierre,90,FR,1575590699,83,48.95,4.24,0.0,4.1
213,Zhuhai,3,CN,1575590708,84,40.71,112.04,-18.0,2.0
214,Beringovskiy,100,RU,1575590708,88,63.05,179.32,-3.17,11.73
215,Harrismith,100,ZA,1575590708,93,-28.27,29.13,9.95,3.26
216,Aitape,100,PG,1575590708,76,-3.15,142.36,27.52,3.5
217,Floro,100,NO,1575590708,86,61.6,5.03,5.0,4.1
218,Lockhart,100,AU,1575590708,42,-35.22,146.72,21.0,4.6
219,Kristiansund,65,NO,1575590709,86,63.12,7.73,3.0,8.2
220,Ariquemes,47,BR,1575590709,63,-9.91,-63.03,27.71,0.26
221,Tamandare,100,BR,1575590709,98,-8.28,-70.75,22.97,0.94
222,Monroe,75,US,1575590597,80,41.91,-83.4,4.0,2.97
223,Clyde River,90,CA,1575590709,76,70.47,-68.59,-22.0,4.6
224,Mildura,0,AU,1575590688,55,-34.18,142.16,17.0,3.1
225,Husavik,44,CA,1575590709,81,50.56,-96.99,-8.89,3.13
226,Catuday,0,PH,1575590709,83,16.29,119.81,26.66,5.15
227,Iqaluit,75,CA,1575590678,77,63.75,-68.52,-14.0,3.6
228,Rundu,78,NA,1575590710,94,-17.91,19.77,21.0,1.5
229,Solnechnyy,0,RU,1575590710,86,50.72,136.64,-22.51,2.15
230,Milkovo,0,BG,1575590710,92,41.53,24.68,5.56,0.66
231,Sur,0,OM,1575590710,61,22.57,59.53,21.37,4.27
232,Pimentel,69,BR,1575590710,89,-3.7,-45.5,24.12,2.26
233,Rivne,0,UA,1575590701,61,50.62,26.25,-1.01,3.37
234,Leningradskiy,100,RU,1575590710,83,69.38,178.42,-8.7,5.56
235,Nouadhibou,75,MR,1575590710,77,20.93,-17.03,19.0,5.1
236,Caravelas,82,BR,1575590710,85,-17.73,-39.27,23.02,4.39
237,Gayny,100,RU,1575590710,95,60.3,54.33,-4.39,4.78
238,Arraial do Cabo,90,BR,1575590711,94,-22.97,-42.02,25.0,2.1
239,Toora-Khem,19,RU,1575590711,94,52.47,96.11,-18.29,0.95
240,Severo-Kurilsk,93,RU,1575590694,84,50.68,156.12,-6.26,13.63
241,Zaltan,0,LY,1575590711,58,32.95,11.87,17.17,2.0
242,Warrnambool,100,AU,1575590711,81,-38.38,142.48,13.89,5.36
243,Concordia,0,AR,1575590711,54,-31.4,-58.02,17.45,2.27
244,Victoria,75,BN,1575590483,88,5.28,115.24,26.0,3.76
245,Qasigiannguit,20,GL,1575590711,42,68.82,-51.19,-14.0,4.1
246,Pangnirtung,90,CA,1575590711,66,66.15,-65.72,-12.0,4.1
247,Yelizovo,96,RU,1575590712,85,53.19,158.38,-12.0,2.0
248,Pa Sang,20,TH,1575590712,59,18.53,98.94,18.0,3.1
249,Bambous Virieux,20,MU,1575590694,94,-20.34,57.76,24.44,2.1
250,Kirksville,90,US,1575590712,57,40.19,-92.58,10.0,3.1
251,Mandalgovi,0,MN,1575590712,52,45.76,106.27,-11.33,3.41
252,Flinders,70,AU,1575590709,31,-34.58,150.85,26.0,4.1
253,Codrington,0,AU,1575590712,24,-28.95,153.24,35.56,1.9
254,Sambava,87,MG,1575590712,92,-14.27,50.17,21.06,1.15
255,Hofn,98,IS,1575590712,59,64.25,-15.21,2.25,7.82
256,Sohag,37,EG,1575590712,67,26.55,31.7,14.0,2.1
257,Ambanja,83,MG,1575590712,84,-13.68,48.45,25.05,1.31
258,Tambovka,35,RU,1575590713,89,47.32,47.38,-2.58,4.82
259,Aimores,37,BR,1575590713,96,-19.5,-41.06,23.2,1.55
260,Binzhou,0,CN,1575590713,61,37.38,117.96,-3.72,2.2
261,Shitanjing,0,CN,1575590713,10,39.23,106.34,-1.11,0.57
262,Namtsy,88,RU,1575590713,65,62.72,129.66,-39.0,4.0
263,Hovd,75,NO,1575590713,81,63.83,10.7,5.0,9.3
264,Yuzhno-Kurilsk,72,RU,1575590713,60,44.03,145.86,-0.95,3.62
265,Roald,100,NO,1575590695,86,62.58,6.12,5.0,7.7
266,Mezen,100,RU,1575590713,96,65.85,44.24,-6.08,2.61
267,Biak,100,ID,1575590713,79,-0.91,122.88,27.6,1.68
268,Naya Bazar,70,IN,1575590714,47,27.13,88.27,11.29,2.88
269,Hobyo,89,SO,1575590714,81,5.35,48.53,26.45,1.31
270,Si Bun Ruang,11,TH,1575590564,41,16.97,102.28,14.37,6.8
271,Tefe,99,BR,1575590714,94,-3.35,-64.71,24.0,0.67
272,El Campo,40,US,1575590714,72,29.2,-96.27,22.22,2.6
273,Baykit,93,RU,1575590674,94,61.68,96.39,-18.66,0.95
274,Krasnokamensk,0,RU,1575590715,92,50.1,118.04,-21.18,2.12
275,Saint Anthony,90,US,1575590715,80,43.97,-111.68,0.0,1.5
276,Obukhiv,0,UA,1575590715,72,50.11,30.63,1.11,3.0
277,Sao Filipe,88,CV,1575590715,78,14.9,-24.5,20.28,9.23
278,Lompoc,75,US,1575590536,77,34.64,-120.46,17.0,3.1
279,Hambantota,99,LK,1575590715,89,6.12,81.12,24.87,4.22
280,Saldanha,0,PT,1575590715,88,41.42,-6.55,5.31,3.37
281,Maceio,68,BR,1575590715,83,-9.67,-35.74,24.0,2.6
282,Quatis,100,BR,1575590715,88,-22.41,-44.26,21.73,1.12
283,Esperance,40,AU,1575590715,72,-33.86,121.89,17.0,5.1
284,Faanui,98,PF,1575590715,73,-16.48,-151.75,27.6,2.35
285,Pombas,90,BR,1575590715,83,-15.9,-54.74,24.34,3.42
286,Yulara,0,AU,1575590715,6,-25.24,130.99,31.0,3.6
287,Belmonte,0,PT,1575590716,85,40.36,-7.35,8.89,2.68
288,Zapolyarnyy,75,RU,1575590716,92,69.43,30.82,-3.0,4.1
289,Rio Gallegos,20,AR,1575590645,43,-51.62,-69.22,13.0,12.9
290,Teguise,40,ES,1575590716,82,29.06,-13.56,17.0,5.7
291,Peniche,0,PT,1575590717,66,39.36,-9.38,13.33,6.2
292,Villa Maria,40,CO,1575590717,51,4.5,-74.09,27.0,3.1
293,Manokwari,72,ID,1575590709,70,-0.87,134.08,26.71,1.82
294,Ludvika,100,SE,1575590718,81,60.15,15.18,6.0,7.2
295,Paamiut,28,GL,1575590718,25,61.99,-49.67,-5.7,2.66
296,Mecca,7,SA,1575590505,68,21.43,39.83,23.23,0.9
297,Te Anau,71,NZ,1575590664,82,-45.41,167.72,11.96,3.76
298,Lebyazhye,75,RU,1575590718,75,59.96,29.42,6.11,9.0
299,Sinnamary,100,GF,1575590718,83,5.38,-52.96,27.27,6.81
300,Ambon,90,FR,1575590718,100,47.55,-2.56,10.56,2.6
301,Sioux Lookout,90,CA,1575590718,79,50.1,-91.92,-7.0,4.6
302,Rome,40,IT,1575590636,81,41.89,12.48,11.11,2.1
303,Valdivia,65,CL,1575590718,64,-39.81,-73.25,14.48,1.59
304,Mullingar,75,IE,1575590718,100,53.53,-7.34,11.0,8.7
305,Torres,0,BR,1575590427,69,-29.34,-49.73,20.62,6.75
306,San Fernando,20,TT,1575590719,83,10.28,-61.46,26.0,2.6
307,Opuwo,23,NA,1575590719,68,-18.06,13.84,19.11,2.76
308,Tongling,93,CN,1575590719,78,30.93,117.81,6.1,5.44
309,Shaunavon,30,CA,1575590719,90,49.65,-108.41,-8.57,2.37
310,Vysokogornyy,100,RU,1575590719,97,50.1,139.13,-24.77,2.06
311,Finschhafen,100,PG,1575590719,70,-6.6,147.85,28.98,4.51
312,Cayenne,100,GF,1575590710,88,4.94,-52.33,26.0,0.5
313,Umm Kaddadah,0,SD,1575590719,21,13.6,26.69,19.25,5.6
314,Ancud,100,CL,1575590719,62,-41.87,-73.83,15.0,6.7
315,Touros,32,BR,1575590719,78,-5.2,-35.46,25.0,3.1
316,High Prairie,36,CA,1575590720,79,55.43,-116.48,-6.76,3.24
317,Yar-Sale,100,RU,1575590720,96,66.83,70.83,-14.4,1.68
318,Boca do Acre,84,BR,1575590720,90,-8.76,-67.39,24.08,1.07
319,Comodoro Rivadavia,40,AR,1575590692,49,-45.87,-67.48,22.0,2.1
320,Sao Joao da Barra,83,BR,1575590485,89,-21.64,-41.05,24.96,8.57
321,Krasnyy Chikoy,58,RU,1575590720,98,50.36,108.75,-20.74,0.94
322,Nome,1,US,1575590650,77,30.04,-94.42,20.0,2.1
323,Namibe,53,AO,1575590720,77,-15.19,12.15,21.9,1.97
324,Broken Hill,0,AU,1575590720,46,-31.97,141.45,21.0,6.7
325,Coihaique,20,CL,1575590721,54,-45.58,-72.07,14.0,7.2
326,North Platte,40,US,1575590442,60,41.12,-100.77,6.0,4.1
327,Adrar,0,DZ,1575590721,37,27.87,-0.29,12.0,2.1
328,Tonota,31,BW,1575590721,76,-21.44,27.46,17.12,5.49
329,Bukachacha,84,RU,1575590721,87,52.99,116.91,-24.1,1.18
330,Pucallpa,40,PE,1575590615,100,-8.38,-74.54,2.0,2.1
331,Stykkisholmur,87,IS,1575590721,85,65.08,-22.73,-3.25,2.42
332,Dapaong,0,TG,1575590721,10,10.86,0.2,24.18,4.16
333,Taksimo,100,RU,1575590695,93,56.36,114.84,-22.73,0.95
334,Lasa,20,CY,1575590722,62,34.92,32.53,12.0,4.6
335,Corralillo,41,CU,1575590722,77,22.98,-80.59,21.36,5.03
336,Cervo,100,BR,1575590722,97,-22.19,-46.24,18.93,1.65
337,Grindavik,75,IS,1575590722,71,63.84,-22.43,0.0,5.7
338,Itanhem,63,BR,1575590722,84,-17.17,-40.33,21.37,1.58
339,Sampit,95,ID,1575590722,78,-2.54,112.95,27.14,0.69
340,Hami,4,CN,1575590722,59,42.84,93.51,-7.39,0.9
341,San Patricio,0,PY,1575590722,48,-26.98,-56.83,19.12,2.66
342,Kuliyapitiya,40,LK,1575590722,100,7.47,80.04,24.0,2.1
343,Jinchang,0,CN,1575590722,21,38.52,102.19,-6.07,1.05
344,Gasa,41,BT,1575590722,46,27.91,89.73,-8.69,0.86
345,Barbalha,86,BR,1575590722,40,-7.31,-39.3,24.43,2.2
346,Whitecourt,75,CA,1575590723,78,54.14,-115.68,-8.0,3.1
347,Miri,0,NG,1575590723,28,10.31,9.75,20.34,1.66
348,Ajaccio,90,FR,1575590723,81,41.93,8.74,12.0,2.1
349,Mae Sai,0,MM,1575590723,100,20.44,99.89,12.0,3.6
350,Westport,90,US,1575590723,59,41.14,-73.36,4.44,4.1
351,Ordzhonikidze,0,UA,1575590723,52,44.96,35.36,6.53,2.28
352,San Andres,27,PH,1575590723,85,13.32,122.68,26.05,1.33
353,Muyezerskiy,100,RU,1575590723,97,63.93,31.65,0.12,6.84
354,Ola,100,RU,1575590723,88,59.58,151.3,-20.69,6.95
355,Tuktoyaktuk,90,CA,1575590723,77,69.44,-133.03,-18.0,9.8
356,Prince Albert,75,CA,1575590452,78,53.2,-105.75,-10.0,3.6
357,Hrusovany nad Jevisovkou,90,CZ,1575590724,86,48.83,16.4,0.56,4.1
358,Yenagoa,7,NG,1575590724,91,4.92,6.26,24.71,1.23
359,Yaan,0,NG,1575590718,31,7.38,8.57,25.67,0.99
360,Halifax,40,CA,1575590480,83,44.65,-63.58,2.0,6.7
361,Luba,90,PH,1575590724,90,17.32,120.7,23.68,2.26
362,Beyneu,0,KZ,1575590724,79,45.32,55.19,-1.07,5.55
363,Tiarei,90,PF,1575590724,83,-17.53,-149.33,27.0,6.2
364,Lakes Entrance,76,AU,1575590724,54,-37.88,147.99,19.44,0.89
365,Lircay,75,PE,1575590724,67,-12.99,-74.72,15.0,2.1
366,Alofi,75,NU,1575590724,74,-19.06,-169.92,29.0,4.1
367,Camacha,40,PT,1575590724,63,33.08,-16.33,18.0,9.3
368,Borba,97,BR,1575590724,78,-4.39,-59.59,26.68,0.69
369,Puerto Carreno,20,CO,1575590725,62,6.19,-67.49,31.0,2.1
370,Mahajanga,20,MG,1575590725,78,-15.72,46.32,28.0,1.5
371,Oxapampa,100,PE,1575590725,99,-10.58,-75.4,12.65,0.24
372,Port Pirie,90,AU,1575590658,67,-33.18,138.01,17.0,6.7
373,Ngunguru,0,NZ,1575590726,76,-35.62,174.5,25.0,0.89
374,Zabid,17,YE,1575590726,46,14.2,44.5,12.41,1.99
375,East Millcreek,90,US,1575590726,100,40.7,-111.81,3.89,1.32
376,Baturaja,93,ID,1575590726,90,-4.12,104.17,23.92,1.59
377,Half Moon Bay,90,US,1575590726,93,37.46,-122.43,15.0,4.6
378,Warwick,75,US,1575590483,47,41.7,-71.42,4.0,6.2
379,Baltiysk,40,RU,1575590727,86,54.66,19.91,1.0,6.0
380,Itoman,90,JP,1575590727,88,26.12,127.67,17.0,7.7
381,West Bay,75,CA,1575590728,75,49.34,-123.21,7.78,1.5
382,Yining,62,CN,1575590728,71,29.04,114.56,4.5,1.11
383,Killybegs,100,IE,1575590728,95,54.63,-8.45,11.11,3.58
384,Dingle,95,PH,1575590728,86,11.0,122.67,26.0,2.84
385,Tahe,100,CN,1575590728,94,52.34,124.71,-19.57,3.46
386,Teya,75,MX,1575590729,61,21.05,-89.07,26.0,3.6
387,Gualaquiza,100,EC,1575590729,96,-3.4,-78.58,18.45,0.61
388,Polunochnoye,76,RU,1575590729,92,60.87,60.43,-13.77,3.65
389,Trincomalee,100,LK,1575590727,96,8.58,81.23,23.46,1.46
390,Liverpool,90,GB,1575590456,82,53.41,-2.98,13.0,8.2
391,Presidente Olegario,100,BR,1575590730,100,-18.42,-46.42,20.56,1.29
392,Armacao de Pera,24,PT,1575590730,62,37.1,-8.36,14.0,3.1
393,Hirara,75,JP,1575590730,88,24.8,125.28,19.0,8.2
394,Adwa,0,ET,1575590731,75,14.16,38.9,16.62,2.22
395,Namatanai,85,PG,1575590731,72,-3.66,152.44,28.78,1.34
396,Moree,0,AU,1575590732,10,-29.46,149.84,33.0,4.6
397,Olinda,75,AU,1575590732,51,-37.84,145.39,16.67,7.7
398,Zaysan,100,KZ,1575590732,85,47.47,84.87,-6.25,1.05
399,Ifo,20,NG,1575590732,94,6.81,3.2,26.0,1.0
400,The Valley,20,AI,1575590706,78,18.22,-63.06,28.0,3.6
401,Axim,33,GH,1575590732,92,4.87,-2.24,24.37,1.42
402,Price,90,US,1575590732,86,39.6,-110.81,3.0,1.64
403,Padang,45,ID,1575590732,88,-0.92,100.36,20.89,2.24
404,Mayo,75,CA,1575590732,73,63.59,-135.9,-35.0,1.0
405,San Pedro,0,AR,1575590732,31,-33.68,-59.66,19.44,0.89
406,Kindu,100,CD,1575590732,99,-2.95,25.92,20.5,0.64
407,Kadoma,75,JP,1575590733,61,34.73,135.6,8.89,5.7
408,Verkhoyansk,100,RU,1575590733,95,67.55,133.39,-38.39,1.09
409,Malm,75,NO,1575590733,88,64.07,11.22,5.0,9.3
410,San Juan,0,AR,1575590733,15,-31.54,-68.53,26.58,0.65
411,Phangnga,20,TH,1575590733,73,8.45,98.53,25.0,4.6
412,Komsomolskiy,89,RU,1575590733,100,67.55,63.78,-19.53,1.54
413,Ratnagiri,1,IN,1575590733,74,16.98,73.3,22.12,1.68
414,Nova Friburgo,100,BR,1575590461,84,-22.28,-42.53,22.87,2.33
415,Cockburn Town,2,TC,1575590467,81,21.46,-71.14,26.56,7.76
416,Tuatapere,50,NZ,1575590734,56,-46.13,167.69,16.23,3.51
417,San Vicente,75,EC,1575590612,78,-0.59,-80.41,26.0,6.2
418,Myrtle Beach,1,US,1575590734,86,33.7,-78.89,9.0,0.86
419,Omboue,100,GA,1575590734,96,-1.57,9.26,23.5,1.22
420,Morayfield,0,AU,1575590734,19,-27.11,152.95,37.22,2.1
421,Tashtagol,87,RU,1575590734,78,52.76,87.85,-5.57,1.51
422,Cap-Haitien,0,HT,1575590734,76,19.76,-72.2,27.59,5.69
423,Kurkino,100,RU,1575590734,87,53.42,38.66,1.04,8.68
424,Kanalia,85,GR,1575590734,86,39.4,21.8,4.44,0.6
425,Kota Belud,90,MY,1575590734,94,6.35,116.43,25.0,1.5
426,Arlit,30,NE,1575590734,15,18.74,7.39,21.87,4.09
427,Wenling,100,CN,1575590734,88,28.38,121.38,11.67,8.4
428,Chapais,90,CA,1575590734,92,49.78,-74.86,-6.0,4.6
429,Sungairaya,75,ID,1575590735,92,0.7,108.9,24.53,1.7
430,Khipro,1,PK,1575590735,30,25.83,69.38,18.49,4.5
431,Nishihara,75,JP,1575590735,60,35.74,139.53,9.44,3.6
432,San Salvo,9,IT,1575590735,75,42.04,14.73,9.44,1.5
433,Weiser,90,US,1575590735,80,44.25,-116.97,4.0,1.5
434,Imeni Poliny Osipenko,47,RU,1575590735,89,52.42,136.49,-20.18,5.67
435,Manuk Mangkaw,97,PH,1575590735,78,4.8,119.85,27.59,1.96
436,Baijiantan,58,CN,1575590735,73,45.63,85.18,-6.71,0.78
437,Goderich,96,CA,1575590735,79,43.74,-81.71,1.67,0.89
438,Jumla,48,NP,1575590735,23,29.28,82.18,-1.15,2.01
439,Kontagora,2,NG,1575590735,30,10.4,5.47,23.34,2.05
440,Mokrousovo,61,RU,1575590736,95,55.81,66.77,-14.77,3.7
441,Tshikapa,100,CD,1575590736,98,-6.42,20.79,19.92,1.76
442,Bejar,86,AL,1575590736,72,40.49,19.83,8.55,1.96
443,Roebourne,13,AU,1575590736,23,-20.77,117.15,33.79,1.46
444,Ahipara,0,NZ,1575590736,89,-35.17,173.16,27.78,2.01
445,Marsa Matruh,82,EG,1575590736,72,31.35,27.25,17.0,3.1
446,Magadan,99,RU,1575590736,87,59.56,150.8,-17.62,9.56
447,Wodonga,99,AU,1575590737,45,-36.12,146.89,21.67,5.1
448,Balikpapan,100,ID,1575590737,86,-1.24,116.86,26.62,0.78
449,Sisophon,52,KH,1575590737,68,13.59,102.97,16.31,2.6
450,Kenai,90,US,1575590737,78,60.55,-151.26,-9.0,5.1
451,Praxedis Guerrero,20,MX,1575590737,37,31.37,-106.02,19.0,5.7
452,Channel-Port aux Basques,100,CA,1575590737,89,47.57,-59.14,1.41,5.33
453,Derzhavinsk,97,KZ,1575590728,92,51.1,66.31,-8.91,7.15
454,Tautira,90,PF,1575590737,83,-17.73,-149.15,27.0,6.2
455,Kysyl-Syr,81,RU,1575590737,93,63.9,122.77,-39.07,3.47
456,Plouzane,75,FR,1575590441,87,48.38,-4.62,11.0,7.2
457,Magistralnyy,1,RU,1575590738,95,56.17,107.45,-20.49,1.93
458,Puerto Baquerizo Moreno,75,EC,1575590738,83,-0.9,-89.6,24.0,6.7
459,Sheboygan,40,US,1575590738,80,43.75,-87.71,2.0,6.01
460,Mwinilunga,100,ZM,1575590738,98,-11.73,24.43,17.02,0.83
461,Mbuji-Mayi,100,CD,1575590738,93,-6.13,23.6,19.84,1.82
462,Gamba,78,CN,1575590738,35,28.28,88.52,-9.15,0.11
463,Karonga,96,MW,1575590738,78,-9.94,33.93,24.0,1.81
464,Guarapari,40,BR,1575590738,88,-20.67,-40.5,26.0,6.7
465,Gari,28,RU,1575590738,91,59.43,62.35,-12.52,5.57
466,Tocopilla,44,CL,1575590738,35,-22.09,-70.2,13.0,0.45
467,Zhigansk,85,RU,1575590676,91,66.77,123.37,-38.02,4.81
468,Mana,1,NG,1575590738,15,13.03,5.27,21.8,3.89
469,Tiznit,26,MA,1575590738,67,29.7,-9.73,11.0,3.82
470,Khasan,0,RU,1575590739,41,42.43,130.64,-13.52,4.92
471,Ixtapa,5,MX,1575590739,69,20.71,-105.21,28.0,3.1
472,Acapulco,5,MX,1575590739,74,16.86,-99.88,30.0,2.1
473,Plaster Rock,20,CA,1575590739,78,46.91,-67.4,-4.44,1.5
474,Alice Springs,0,AU,1575590739,8,-23.7,133.88,32.0,3.1
475,Praia,40,BR,1575590739,78,-20.25,-43.81,24.0,1.5
476,College,1,US,1575590476,82,64.86,-147.8,-27.0,1.64
477,Marsh Harbour,100,BS,1575590716,51,26.54,-77.06,21.99,2.93
478,Mumbwa,92,ZM,1575590739,86,-14.99,27.06,18.92,3.26
479,Deloraine,40,AU,1575590739,38,-41.53,146.66,16.11,9.8
480,Tolaga Bay,0,NZ,1575590740,65,-38.37,178.3,20.45,5.74
481,Erzin,75,TR,1575590740,49,36.95,36.2,10.0,2.6
482,Mehran,0,IR,1575590740,86,33.12,46.17,3.0,2.1
483,Cabedelo,30,BR,1575590740,78,-6.97,-34.84,25.0,3.1
484,Dartford,90,GB,1575590498,81,51.45,0.21,11.0,7.2
485,Phalaborwa,11,ZA,1575590740,85,-23.95,31.14,15.11,1.12
486,Ketchikan,40,US,1575590484,100,55.34,-131.65,4.0,1.5
487,Humaita,100,AR,1575590741,60,-24.93,-65.37,22.0,2.6
488,Ajdovscina,64,SI,1575590741,93,45.89,13.91,7.22,1.5
489,Santa Cruz Cabralia,20,BR,1575590741,78,-16.28,-39.02,26.0,3.6
490,Garissa,100,KE,1575590741,76,-0.46,39.64,26.14,2.56
491,Port Shepstone,92,ZA,1575590741,89,-30.74,30.45,14.41,3.16
492,Nuuk,20,GL,1575590547,78,64.17,-51.74,-10.0,6.7
493,Mount Pleasant,1,US,1575590526,48,33.16,-94.97,20.0,3.1
494,Kodinsk,88,RU,1575590741,95,58.6,99.18,-15.44,2.12
495,Hernani,20,ES,1575590741,100,43.27,-1.98,7.0,2.1
496,Gariaband,3,IN,1575590742,67,20.63,82.06,11.75,0.45
497,Aykhal,0,RU,1575590742,65,65.95,111.51,-39.0,1.0
498,Fairbanks,1,US,1575590721,82,64.84,-147.72,-27.0,1.7
499,Panama City,1,US,1575590742,58,30.16,-85.65,15.0,1.5
500,Atar,6,MR,1575590742,48,20.52,-13.05,14.81,1.11
501,Katsuura,75,JP,1575590709,52,33.93,134.5,8.33,5.1
502,Fort-Shevchenko,6,KZ,1575590742,80,44.51,50.26,1.95,4.21
503,Ahuimanu,75,US,1575590742,69,21.44,-157.84,28.0,4.1
504,Tual,98,ID,1575590742,68,-5.67,132.75,28.91,0.72
505,Ilulissat,20,GL,1575590696,42,69.22,-51.1,-14.0,4.1
506,Viedma,0,AR,1575590586,57,-40.81,-62.99,15.06,2.86
507,Nioaque,83,BR,1575590742,80,-21.16,-55.83,22.68,1.76
508,Ternate,40,PH,1575590742,88,14.29,120.72,27.22,0.5
509,Vestmanna,100,FO,1575590743,64,62.16,-7.17,4.0,5.1
510,Byron Bay,0,AU,1575590714,39,-28.65,153.62,37.22,3.1
511,Trairi,90,BR,1575590743,82,-3.28,-39.27,23.9,1.11
512,Emerald,0,AU,1575590454,45,-23.53,148.16,33.33,4.6
513,Jega,0,NG,1575590743,18,12.22,4.38,22.81,3.94
514,Boo,1,NG,1575590743,29,7.44,8.9,25.73,0.85
515,Ormara,0,PK,1575590743,53,25.21,64.64,25.42,4.95
516,Batticaloa,100,LK,1575590743,92,7.71,81.69,23.62,1.04
517,Gorele,75,TR,1575590744,75,41.03,39.0,7.0,2.6
518,Belyy Yar,90,RU,1575590744,92,53.6,91.39,-14.0,0.77
519,Berlevag,90,NO,1575590744,86,70.86,29.09,1.0,5.1
520,Luderitz,74,NA,1575590744,77,-26.65,15.16,18.0,2.1
521,Urengoy,100,RU,1575590744,95,65.96,78.37,-9.1,4.58
522,Vardo,1,US,1575590744,60,39.62,-77.74,4.0,4.85
523,Shetpe,0,KZ,1575590744,82,44.14,52.16,-1.08,2.14
524,Bria,0,CF,1575590744,38,6.54,21.99,19.91,1.25
525,Lerwick,75,GB,1575590694,87,60.15,-1.15,6.0,5.7
526,Kununurra,42,AU,1575590745,55,-15.77,128.74,33.0,1.5
